OrderID,Region,Date,Revenue,ProductCategory,UnitsSold,DiscountApplied
4dd2bfc0,Middle East,2024-01-08 00:00:00,799.77,Electronics,10,16.55
eec68bfe,North America,2024-03-18 00:00:00,391.25,Clothing,20,8.84
ad60f4b0,North America,2024-05-15 00:00:00,464.35,Clothing,12,27.13
24ad4c6d,North America,2024-04-23 00:00:00,924.15,Beauty,18,13.55
e92e8176,Europe,2024-06-02 00:00:00,421.23,Clothing,13,23.39
f5c90846,Europe,2024-03-10 00:00:00,856.95,Furniture,3,7.46
e61a5afa,APAC,2024-10-05 00:00:00,219.86,Beauty,18,12.49
57b76a16,North America,2024-05-22 00:00:00,963.73,Electronics,12,7.56
381fd19e,APAC,2024-10-30 00:00:00,662.46,Electronics,4,19.37
1d6e927a,APAC,2024-01-28 00:00:00,161.44,Clothing,5,22.2
1e0963ef,APAC,2024-06-14 00:00:00,778.39,Clothing,4,18.25
74e5904d,APAC,2024-01-14 00:00:00,540.2,Beauty,5,9.62
cb825091,Europe,2024-07-14 00:00:00,934.12,Furniture,20,6.36
a962b083,Middle East,2024-03-13 00:00:00,510.77,Clothing,3,4.65
e399c4f6,Middle East,2024-08-06 00:00:00,826.61,Electronics,2,20.13
dc47cbc7,North America,2024-09-09 00:00:00,819.48,Clothing,4,21.79
d7c899af,Middle East,2024-08-17 00:00:00,734.69,Furniture,20,27.08
5c719204,Europe,2024-04-12 00:00:00,110.25,Clothing,2,2.2
8cd7b315,APAC,2024-03-17 00:00:00,866.32,Electronics,20,28.64
61dcb5e6,Europe,2024-08-04 00:00:00,917.66,Furniture,9,4.05
2df351d9,North America,2024-03-10 00:00:00,225.94,Electronics,11,11.54
a324ae74,North America,2024-09-26 00:00:00,503.6,Clothing,19,4.38
c271c79d,APAC,2024-08-11 00:00:00,988.77,Clothing,18,26.36
1c80a361,Europe,2024-09-25 00:00:00,441.97,Beauty,10,5.71
2ec2f2a5,APAC,2024-07-07 00:00:00,535.03,Electronics,15,27.15
2d6b8a3d,APAC,2024-09-03 00:00:00,136.45,Furniture,4,8.5
4956a103,APAC,2024-08-30 00:00:00,556.55,Clothing,19,29.32
2e134074,Europe,2024-09-16 00:00:00,306.5,Beauty,2,24.22
ae1d6128,Europe,2024-05-18 00:00:00,85.13,Beauty,11,1.41
46a20487,Europe,2024-05-13 00:00:00,718.08,Furniture,8,8.59
b9551d40,North America,2024-02-05 00:00:00,169.02,Beauty,13,20.69
3dc699ae,Europe,2024-05-08 00:00:00,786.89,Clothing,11,2.18
76ede9fc,Middle East,2024-06-14 00:00:00,447.02,Beauty,11,6.67
c5bcbc08,APAC,2024-05-22 00:00:00,678.58,Electronics,17,28.42
f61f598e,Europe,2024-08-19 00:00:00,111.65,Beauty,8,0.19
a6d37e7d,Europe,2024-04-07 00:00:00,681.18,Clothing,15,2.2
a4adc18f,North America,2024-09-02 00:00:00,600.62,Clothing,9,1.37
44038e8b,North America,2024-08-17 00:00:00,384.53,Electronics,10,1.17
1de228a6,Europe,2024-03-09 00:00:00,498.13,Furniture,19,9.99
a2e5906b,Europe,2024-07-14 00:00:00,829.59,Clothing,11,16.04
cbade4bf,North America,2024-09-27 00:00:00,154.51,Clothing,16,5.58
cd894355,APAC,2024-01-10 00:00:00,260.56,Electronics,11,14.62
01e1a1b0,Europe,2024-08-19 00:00:00,516.08,Beauty,11,12.25
25986bf0,Middle East,2024-06-28 00:00:00,253.12,Clothing,13,3.11
3315753d,North America,2024-10-30 00:00:00,251.86,Beauty,11,4.09
b124296f,Middle East,2024-04-23 00:00:00,374.1,Furniture,3,17.05
64386d72,Middle East,2024-10-19 00:00:00,229.45,Furniture,10,24.21
7b044e59,North America,2024-01-13 00:00:00,578,Furniture,11,23.6
8929061a,Middle East,2024-09-07 00:00:00,918.73,Beauty,2,22.29
aaf1fb84,North America,2024-07-18 00:00:00,258.45,Clothing,18,9.51
f5d5eb37,Europe,2024-06-07 00:00:00,921.83,Clothing,8,18.69
3f378bd6,Middle East,2024-10-01 00:00:00,501.57,Furniture,16,16.13
9dc86904,Europe,2024-07-26 00:00:00,705.45,Electronics,14,12.18
66c16646,Middle East,2024-02-15 00:00:00,211.09,Furniture,4,5.67
ecc8ac6d,Europe,2024-01-07 00:00:00,450.3,Electronics,20,29.32
9b53b36b,Europe,2024-03-13 00:00:00,464.43,Clothing,6,25.06
68e31d5d,Middle East,2024-02-12 00:00:00,764.28,Beauty,5,26.9
db24ba4b,APAC,2024-01-03 00:00:00,255.68,Electronics,3,5.04
43ffdd3b,North America,2024-02-11 00:00:00,173.86,Electronics,8,17.21
2c065e69,APAC,2024-06-21 00:00:00,954.56,Clothing,6,1.78
8e228c2a,APAC,2024-05-28 00:00:00,536.82,Electronics,20,14.41
9aa2eb95,Middle East,2024-08-31 00:00:00,752.11,Clothing,9,0.02
0df6be01,APAC,2024-05-02 00:00:00,319.96,Clothing,11,3.63
f4608521,APAC,2024-09-14 00:00:00,396.88,Furniture,2,28.23
ed4146c4,North America,2024-02-12 00:00:00,793.73,Furniture,4,11.66
e4f1d673,APAC,2024-09-24 00:00:00,158.06,Electronics,18,8.06
7e5882ce,APAC,2024-03-14 00:00:00,311.49,Clothing,19,14.87
4e6c5dcc,North America,2024-03-26 00:00:00,183.2,Beauty,11,13.19
a7473b8d,Middle East,2024-08-28 00:00:00,280.55,Beauty,19,12.83
e5d03c46,Europe,2024-04-11 00:00:00,699.58,Electronics,1,11.85
8e176120,Middle East,2024-05-02 00:00:00,424.57,Clothing,1,28.95
0b2ac921,North America,2024-01-22 00:00:00,625.48,Electronics,6,20.76
7f9a74f0,Middle East,2024-09-25 00:00:00,285.71,Furniture,7,16.43
17095384,APAC,2024-10-30 00:00:00,964.17,Furniture,2,12.02
fb14bde9,APAC,2024-05-04 00:00:00,415.59,Furniture,13,22.54
72b1ddca,Europe,2024-02-15 00:00:00,228.91,Furniture,13,17.97
9ce1a659,Europe,2024-08-20 00:00:00,911.51,Furniture,6,25.31
48c8a042,APAC,2024-05-10 00:00:00,934.93,Beauty,11,13.22
219ea5f3,Middle East,2024-10-15 00:00:00,77.53,Clothing,12,13.99
3f215570,APAC,2024-03-23 00:00:00,116.31,Furniture,12,12.14
8aed787d,Europe,2024-02-27 00:00:00,370.57,Clothing,11,22.98
565c022d,Europe,2024-01-17 00:00:00,148.57,Furniture,19,10
e14b5b82,Europe,2024-08-25 00:00:00,449.61,Electronics,19,6.52
387fc49a,Middle East,2024-02-10 00:00:00,438.26,Electronics,19,10.63
de77467d,North America,2024-05-16 00:00:00,694.09,Furniture,6,10.85
3b920f6b,Europe,2024-09-11 00:00:00,953.33,Electronics,3,21.26
ca8ab5b5,APAC,2024-07-04 00:00:00,787.41,Electronics,9,0.73
49f36c7b,North America,2024-06-09 00:00:00,413.25,Clothing,7,3.61
3422fb2f,Middle East,2024-07-11 00:00:00,208.87,Electronics,9,20.34
b61be377,North America,2024-10-17 00:00:00,368.55,Clothing,1,3.2
dcd6819d,Middle East,2024-10-02 00:00:00,707.23,Electronics,12,14.02
c9dfbc32,North America,2024-05-23 00:00:00,229.49,Furniture,8,14.08
5ba2b29e,North America,2024-02-06 00:00:00,495.31,Beauty,20,1.62
13c98f4e,Europe,2024-07-17 00:00:00,719.94,Electronics,6,5.93
3bd8a37c,North America,2024-01-18 00:00:00,544.9,Furniture,15,22.67
7d0e972f,Europe,2024-07-01 00:00:00,323.59,Furniture,2,24.32
2eaa76b3,Europe,2024-09-29 00:00:00,369.99,Beauty,1,13.57
662607e6,APAC,2024-01-11 00:00:00,343.19,Furniture,2,6.09
c6527deb,Middle East,2024-08-14 00:00:00,569.15,Electronics,4,27.31
9377da8a,Europe,2024-06-30 00:00:00,533.72,Furniture,9,5.98
a816ed69,APAC,2024-02-21 00:00:00,548.16,Beauty,6,17.1
44dc1f89,Middle East,2024-08-26 00:00:00,667.33,Electronics,7,6.03
482c9e9c,Europe,2024-01-20 00:00:00,237.53,Clothing,1,14.61
e3af1f4d,Middle East,2024-09-17 00:00:00,740.99,Furniture,13,20.2
f6a995a1,APAC,2024-06-20 00:00:00,991.45,Furniture,16,5.43
928cc441,North America,2024-05-25 00:00:00,492.38,Furniture,17,4.63
63473b76,Europe,2024-04-17 00:00:00,971.72,Clothing,12,4.15
08ea13c7,APAC,2024-06-05 00:00:00,370.41,Electronics,6,11.7
c3030faf,APAC,2024-03-02 00:00:00,917.85,Beauty,20,2.66
fec4ea79,Middle East,2024-01-13 00:00:00,658.74,Electronics,15,23.13
8d471988,Europe,2024-03-14 00:00:00,618.22,Electronics,16,18.61
5f1b07cd,APAC,2024-03-12 00:00:00,264.56,Beauty,20,4.18
1ff2a3c8,APAC,2024-04-20 00:00:00,138.29,Electronics,12,17.24
ec11aabd,Europe,2024-08-07 00:00:00,759.1,Beauty,14,6.74
fe691c53,Europe,2024-07-02 00:00:00,792.17,Electronics,18,11.21
8aa3a9f9,APAC,2024-06-29 00:00:00,610.88,Furniture,6,0.03
faf8d074,Europe,2024-05-14 00:00:00,220.18,Electronics,9,9.29
84d89452,Middle East,2024-07-04 00:00:00,90.8,Furniture,18,12.8
1dda78e6,Europe,2024-02-03 00:00:00,796.59,Clothing,2,4.46
a4e0e130,North America,2024-01-17 00:00:00,492.92,Beauty,16,29.56
2effefdd,APAC,2024-07-15 00:00:00,559.47,Electronics,2,3.35
99791e0e,APAC,2024-03-03 00:00:00,203.43,Beauty,14,8.04
3e4f4465,North America,2024-08-24 00:00:00,981.87,Clothing,9,27.11
81b8fcf0,APAC,2024-08-07 00:00:00,475.57,Furniture,17,26.06
4aa74560,APAC,2024-07-14 00:00:00,718.98,Furniture,9,18.06
a424a0a2,Europe,2024-07-06 00:00:00,849.13,Electronics,17,6.57
beaa0323,North America,2024-07-05 00:00:00,283.78,Furniture,4,17.73
18e0be13,Europe,2024-08-28 00:00:00,827.54,Electronics,13,16.81
6e9837ec,APAC,2024-02-24 00:00:00,79.98,Furniture,19,0.44
0d20be16,North America,2024-03-11 00:00:00,492.18,Beauty,14,12.76
127fd4da,Europe,2024-09-08 00:00:00,939.42,Beauty,17,18.25
6cdf2026,APAC,2024-08-10 00:00:00,68.92,Beauty,11,16.21
cb3833c1,Europe,2024-10-12 00:00:00,871.9,Clothing,7,11.25
0d304c1b,Middle East,2024-10-02 00:00:00,538,Electronics,1,12.67
b7cc1d8c,APAC,2024-09-19 00:00:00,979.74,Electronics,9,27.76
7137568c,Middle East,2024-03-31 00:00:00,803.71,Clothing,14,0.52
b2d7f5ac,North America,2024-03-01 00:00:00,595.99,Furniture,4,0.56
7fdae1d6,Europe,2024-01-24 00:00:00,992.41,Clothing,9,24.96
9d3544d7,North America,2024-01-13 00:00:00,479.03,Furniture,1,5.55
16dc49e4,Europe,2024-10-05 00:00:00,174.42,Clothing,4,21.15
39438c0a,Middle East,2024-06-26 00:00:00,986.17,Furniture,2,14.25
3be8ae04,North America,2024-06-21 00:00:00,990.71,Furniture,10,3.55
e3fdd06e,APAC,2024-10-09 00:00:00,56.17,Clothing,16,22.71
99fa1ccc,Middle East,2024-07-10 00:00:00,886.34,Electronics,16,1.82
d36049f6,Europe,2024-01-07 00:00:00,318.2,Clothing,16,9.66
2d8149c6,APAC,2024-08-31 00:00:00,349.08,Beauty,3,5.27
06174b3b,APAC,2024-05-27 00:00:00,415.41,Beauty,7,7.76
e7a388d2,North America,2024-08-11 00:00:00,370.32,Furniture,18,25.9
cca254b3,Europe,2024-02-23 00:00:00,296.38,Beauty,2,24.6
333e0cd0,APAC,2024-06-22 00:00:00,287.1,Furniture,16,22.63
4104bd8e,North America,2024-10-05 00:00:00,425.25,Electronics,9,8.27
8c277052,APAC,2024-07-24 00:00:00,984.86,Beauty,6,11.59
7718f2c7,Europe,2024-10-06 00:00:00,659.52,Furniture,13,9.78
8db5367a,Europe,2024-06-09 00:00:00,754.91,Clothing,3,4.39
cc52870b,APAC,2024-08-09 00:00:00,566.25,Furniture,7,20.67
0957718b,North America,2024-08-24 00:00:00,110.92,Beauty,15,26
9dcd4f3e,North America,2024-01-11 00:00:00,747.53,Beauty,11,13.03
36249cf4,North America,2024-10-02 00:00:00,368.69,Furniture,20,23.1
84d3689c,Europe,2024-05-04 00:00:00,647.76,Clothing,7,16.7
7c8d6fa8,North America,2024-08-16 00:00:00,192.87,Electronics,3,19.23
e23ccd78,North America,2024-05-01 00:00:00,75.67,Electronics,19,20.24
8c7e0409,Middle East,2024-08-11 00:00:00,152.17,Clothing,19,11.26
87be15a4,APAC,2024-09-27 00:00:00,309.16,Beauty,3,11.35
da1b7e9c,North America,2024-10-30 00:00:00,467.61,Furniture,11,7.01
00eb1efb,North America,2024-02-06 00:00:00,120.73,Furniture,5,11.96
84337a26,North America,2024-08-16 00:00:00,579.45,Clothing,3,19
8999569f,Europe,2024-10-30 00:00:00,887.42,Clothing,7,18.86
d60af8b6,Middle East,2024-04-17 00:00:00,156.87,Clothing,7,4.08
db3ddc69,Middle East,2024-05-13 00:00:00,476.26,Furniture,10,11.1
8fc2284c,North America,2024-07-06 00:00:00,807.56,Electronics,15,23.36
19712167,Middle East,2024-04-28 00:00:00,885.19,Electronics,18,22.27
9d09d6c5,Middle East,2024-07-17 00:00:00,354.89,Furniture,5,1.03
b763d7b9,Europe,2024-03-21 00:00:00,992.55,Clothing,4,23.6
01bb2cf3,North America,2024-07-05 00:00:00,883.7,Clothing,9,27.63
90482b81,APAC,2024-08-28 00:00:00,312.53,Furniture,2,25.23
ee8a1d64,APAC,2024-07-02 00:00:00,294.14,Electronics,8,11.53
63fd4daf,North America,2024-05-09 00:00:00,687.48,Clothing,15,8.12
39479e83,Europe,2024-03-30 00:00:00,418.04,Electronics,20,24.46
8a641ead,Middle East,2024-01-02 00:00:00,579.62,Beauty,20,18.15
28377842,Europe,2024-04-30 00:00:00,390.3,Electronics,7,12.36
69161481,North America,2024-01-12 00:00:00,600.95,Electronics,3,28.74
51ef9135,North America,2024-03-25 00:00:00,583.41,Furniture,10,20.82
73863cfc,North America,2024-07-12 00:00:00,778.46,Furniture,9,22.8
f0247386,North America,2024-04-17 00:00:00,585.48,Furniture,15,12.13
ebb0260d,North America,2024-03-15 00:00:00,253.13,Electronics,2,20.03
3af7d4b1,Middle East,2024-01-21 00:00:00,344.73,Electronics,12,20.02
e4f6b7a3,Middle East,2024-06-07 00:00:00,206.19,Clothing,17,15.47
7d140156,Europe,2024-01-27 00:00:00,317.75,Beauty,12,6.43
710f834c,Middle East,2024-08-03 00:00:00,850.09,Electronics,17,7.83
cd489edf,APAC,2024-03-20 00:00:00,782.03,Beauty,14,29.91
ffce2107,Middle East,2024-01-28 00:00:00,404.52,Clothing,5,25.07
18a624d1,APAC,2024-10-19 00:00:00,806.53,Electronics,3,22.09
0619c8d9,Middle East,2024-01-08 00:00:00,197,Furniture,18,3.46
9fb23e24,Middle East,2024-02-03 00:00:00,53.47,Electronics,13,9.29
33dfe276,APAC,2024-02-23 00:00:00,470.73,Electronics,10,13.39
f9692133,APAC,2024-04-07 00:00:00,953.35,Furniture,2,12.02
98671990,Europe,2024-06-03 00:00:00,305.56,Furniture,4,16.27
b54d87e2,APAC,2024-03-07 00:00:00,161.67,Furniture,15,2.13
48c390f4,Middle East,2024-05-01 00:00:00,63.25,Clothing,5,28.14
305a5a2c,Europe,2024-10-04 00:00:00,539.71,Furniture,16,11.97
8e3fb0d0,North America,2024-08-24 00:00:00,554.21,Beauty,20,18.66
584d1b9d,Middle East,2024-10-11 00:00:00,216.5,Clothing,7,21.39
6350261a,Europe,2024-02-16 00:00:00,303.48,Clothing,15,7.78
134f81d1,North America,2024-09-16 00:00:00,836.82,Clothing,20,27.04
7ed04ada,APAC,2024-02-17 00:00:00,135.28,Electronics,17,13.47
2a4b62ac,Middle East,2024-10-25 00:00:00,820.92,Clothing,10,25.72
3daafe12,APAC,2024-06-10 00:00:00,145.05,Electronics,10,14.87
5c80ecda,APAC,2024-05-22 00:00:00,204.78,Beauty,7,20.77
572b15c6,North America,2024-05-23 00:00:00,658.87,Beauty,7,4.79
49983707,Europe,2024-06-20 00:00:00,721.65,Furniture,16,19.83
8b3f3a40,APAC,2024-02-20 00:00:00,454.69,Clothing,2,0.69
900c78e7,North America,2024-03-14 00:00:00,323.99,Beauty,3,11.18
b0156e86,Europe,2024-06-04 00:00:00,422.08,Beauty,17,11.68
dcd2ccdc,North America,2024-01-26 00:00:00,425.59,Beauty,15,25.34
aa5652ab,North America,2024-09-10 00:00:00,196.58,Beauty,9,17.71
c8c4dc1c,North America,2024-03-15 00:00:00,350.04,Beauty,10,17.93
63c6732c,North America,2024-10-25 00:00:00,506.47,Clothing,19,28.93
39ad5732,Europe,2024-03-11 00:00:00,671.89,Beauty,10,6.98
460d700d,Europe,2024-09-22 00:00:00,336.78,Electronics,1,18.34
58a73b19,Europe,2024-06-21 00:00:00,813.26,Electronics,1,5.75
82b6e97d,Middle East,2024-08-19 00:00:00,255.51,Beauty,17,18.37
884d13b2,Europe,2024-08-08 00:00:00,320.06,Furniture,16,1.14
3d774e11,Middle East,2024-10-12 00:00:00,994.17,Beauty,5,13.26
c0c14629,APAC,2024-04-20 00:00:00,989.16,Electronics,20,16.97
46bbc11d,APAC,2024-08-25 00:00:00,782.79,Beauty,4,21.81
703d2d69,APAC,2024-08-01 00:00:00,917.38,Furniture,20,1.36
0ece053f,North America,2024-06-26 00:00:00,900.68,Furniture,9,29.15
6539d470,North America,2024-08-22 00:00:00,574.04,Electronics,3,8.79
658ab2a5,North America,2024-06-20 00:00:00,886.62,Beauty,5,18.68
dfadd570,APAC,2024-10-22 00:00:00,177.95,Furniture,8,4.85
e19fade4,Europe,2024-10-02 00:00:00,953.02,Furniture,11,29.04
ca7843c4,Middle East,2024-10-10 00:00:00,811.33,Beauty,4,23.17
feabb76a,Europe,2024-01-22 00:00:00,416.97,Beauty,8,15.02
e6d7bda9,Europe,2024-03-19 00:00:00,505.23,Clothing,14,28.19
eb2513a2,APAC,2024-01-14 00:00:00,536.93,Furniture,13,11.25
51f1170e,APAC,2024-10-07 00:00:00,186.26,Clothing,11,1.84
b71a61dc,North America,2024-07-26 00:00:00,938.65,Clothing,8,1.39
4fd13833,APAC,2024-06-20 00:00:00,316.53,Clothing,3,23.99
3ef03b5a,North America,2024-07-12 00:00:00,552.87,Electronics,19,24.53
b5ab3a9c,APAC,2024-10-12 00:00:00,516.89,Clothing,4,9.47
37fbcaea,Europe,2024-10-22 00:00:00,451.43,Furniture,6,9.94
dc6c3a17,Europe,2024-10-24 00:00:00,498.26,Furniture,8,18.02
0c6e929d,Middle East,2024-01-22 00:00:00,342.35,Furniture,12,11.91
882959bb,Middle East,2024-06-16 00:00:00,160.3,Electronics,3,24.44
8a12c677,APAC,2024-07-15 00:00:00,695.97,Clothing,13,8.84
ac2eaffa,APAC,2024-06-19 00:00:00,793.87,Electronics,17,4.07
7ad09be4,North America,2024-05-31 00:00:00,847.51,Electronics,19,7.67
17c94440,Europe,2024-03-12 00:00:00,671.65,Furniture,14,21.72
0a7bce67,Middle East,2024-09-08 00:00:00,264.79,Electronics,17,17.59
c9926f4c,APAC,2024-05-14 00:00:00,285.55,Beauty,4,5.35
0becf91b,Europe,2024-06-30 00:00:00,418.2,Furniture,7,22.74
930b5d34,North America,2024-01-09 00:00:00,369.76,Furniture,12,0.94
5faa887b,Middle East,2024-01-09 00:00:00,207.14,Furniture,12,17.06
1eb62815,North America,2024-01-23 00:00:00,515.16,Furniture,20,16.73
83c3c7ae,North America,2024-06-16 00:00:00,535.92,Clothing,1,25.67
4ddaa72a,APAC,2024-05-27 00:00:00,314.01,Clothing,14,26.21
69d2b90a,North America,2024-08-21 00:00:00,791.82,Clothing,5,16.35
b1ff545a,Middle East,2024-07-03 00:00:00,107.69,Beauty,4,3.07
20bbd467,North America,2024-01-11 00:00:00,506.83,Electronics,10,26.69
b4893d7f,Europe,2024-01-07 00:00:00,399.31,Electronics,7,11.35
ab894b70,APAC,2024-06-21 00:00:00,887.15,Furniture,9,10.31
eceaab51,Middle East,2024-02-16 00:00:00,826.2,Electronics,10,12.76
8d0b7c2b,APAC,2024-06-23 00:00:00,439.72,Electronics,18,2.93
ef1b7c72,Europe,2024-01-22 00:00:00,829.76,Clothing,3,15.12
d658e8f6,Middle East,2024-04-20 00:00:00,595.03,Electronics,4,27.05
18533860,Europe,2024-10-24 00:00:00,538.5,Clothing,3,1.42
f4fe46fc,Middle East,2024-10-24 00:00:00,397.86,Furniture,3,8.21
76bd4e1d,Europe,2024-05-15 00:00:00,713.33,Beauty,4,28.3
d7a0a795,Europe,2024-02-27 00:00:00,456.1,Beauty,10,18.7
8a3455b0,Middle East,2024-10-18 00:00:00,678.35,Furniture,9,16.43
4c5623a3,Europe,2024-02-24 00:00:00,323.84,Clothing,11,27.2
20be6ce4,Europe,2024-09-26 00:00:00,359.78,Clothing,9,21.06
c9b076b6,North America,2024-05-15 00:00:00,935.75,Electronics,12,1.13
18188b77,North America,2024-07-18 00:00:00,382.93,Furniture,9,14.33
0bb86597,North America,2024-06-05 00:00:00,834.59,Beauty,3,4.88
459bc645,Middle East,2024-10-06 00:00:00,605.55,Clothing,11,27.21
6ece8a69,APAC,2024-05-20 00:00:00,237.67,Beauty,6,0.61
1c476ff4,Europe,2024-09-24 00:00:00,389.07,Clothing,14,27.1
f5eab3b6,Europe,2024-07-12 00:00:00,461.98,Beauty,2,24.62
ddd3be4d,Europe,2024-02-11 00:00:00,589.25,Furniture,20,29.58
b86b0740,North America,2024-05-15 00:00:00,541.06,Clothing,8,19.57
bcd15c2a,North America,2024-03-05 00:00:00,436.81,Clothing,8,27.32
bece9fc5,Middle East,2024-04-18 00:00:00,369.27,Beauty,18,10.71
4acc3fa8,APAC,2024-09-26 00:00:00,798.98,Beauty,4,19.01
de714046,North America,2024-05-12 00:00:00,293.52,Electronics,9,5.39
eae8b261,Europe,2024-05-11 00:00:00,321.48,Clothing,6,27.85
839aa9a1,Middle East,2024-09-09 00:00:00,660.69,Electronics,7,27.09
a3aa010d,Europe,2024-08-27 00:00:00,358.18,Electronics,7,21.95
0ef6b6ff,Middle East,2024-09-05 00:00:00,478.22,Electronics,3,20.25
ea333352,Middle East,2024-08-25 00:00:00,978.79,Electronics,10,26.65
bad811c1,APAC,2024-02-24 00:00:00,404.06,Beauty,10,26.84
8b9c9f2b,Europe,2024-01-05 00:00:00,644.59,Clothing,18,12.26
43eeb205,Europe,2024-01-14 00:00:00,337.36,Furniture,8,24.48
8f38094c,North America,2024-05-05 00:00:00,55.3,Electronics,17,0.13
8dcb2e9e,Europe,2024-04-25 00:00:00,396.61,Beauty,1,7.48
7ba6d21b,North America,2024-07-13 00:00:00,133.68,Beauty,17,19.32
3b154a92,Middle East,2024-01-15 00:00:00,56.23,Clothing,1,23.22
3140d91c,Europe,2024-05-12 00:00:00,206.53,Clothing,8,19.32
3006ef28,APAC,2024-07-08 00:00:00,679.42,Furniture,12,22.62
50f3ec9d,North America,2024-03-14 00:00:00,152.73,Furniture,16,19.85
c424a884,Middle East,2024-06-03 00:00:00,585.91,Furniture,7,22.56
97505768,North America,2024-01-06 00:00:00,700.78,Beauty,4,3.32
4d39aa15,North America,2024-04-17 00:00:00,150.79,Clothing,13,29.27
d97c440a,Middle East,2024-08-30 00:00:00,604.15,Electronics,7,23.99
0e42940e,North America,2024-07-14 00:00:00,314.22,Beauty,19,29.43
7e834305,Europe,2024-01-08 00:00:00,860.48,Clothing,14,13.18
34de474e,APAC,2024-09-08 00:00:00,374.59,Beauty,1,8.45
b5886745,Europe,2024-03-10 00:00:00,138.92,Electronics,8,22.14
da963ea2,APAC,2024-06-04 00:00:00,864.67,Beauty,14,16.49
03030ef9,North America,2024-09-02 00:00:00,347.7,Clothing,1,15.23
0e582a16,Middle East,2024-10-13 00:00:00,462.66,Furniture,6,3.94
86dba5b6,Europe,2024-03-13 00:00:00,432.26,Electronics,7,5.24
716c7bc0,Europe,2024-01-07 00:00:00,469.41,Beauty,17,24.71
346b83d9,Middle East,2024-04-01 00:00:00,876.31,Beauty,18,3.29
3d99c44c,Europe,2024-01-19 00:00:00,254.75,Beauty,9,18.98
95f832d1,North America,2024-05-15 00:00:00,951.09,Clothing,4,9.35
72af1771,Middle East,2024-02-10 00:00:00,938.53,Furniture,14,9.48
5425e16c,Europe,2024-01-28 00:00:00,430.23,Electronics,9,9.38
ff23b1bc,North America,2024-02-18 00:00:00,945.18,Electronics,8,13.22
5265d3ea,North America,2024-04-08 00:00:00,929.4,Furniture,14,17.27
ef568b1e,APAC,2024-02-20 00:00:00,984.68,Electronics,5,23.72
78e5c4e1,North America,2024-09-05 00:00:00,904.96,Beauty,15,29.36
a848c909,North America,2024-10-02 00:00:00,894.56,Clothing,3,4.86
d9522d89,North America,2024-01-22 00:00:00,302.54,Clothing,12,19.43
fe7ba91e,Middle East,2024-05-23 00:00:00,472.6,Electronics,12,14.22
e12da400,Middle East,2024-04-26 00:00:00,366.68,Beauty,2,8.69
dfe5db8a,Europe,2024-08-31 00:00:00,359.31,Furniture,2,27.11
cb2556e7,Europe,2024-04-11 00:00:00,258.56,Electronics,16,25.92
944de1ba,APAC,2024-05-30 00:00:00,591.43,Beauty,15,4.16
aa06b84d,North America,2024-10-22 00:00:00,534.78,Electronics,8,1.29
49e36add,North America,2024-07-13 00:00:00,164.98,Clothing,20,29.09
de9c90a8,Europe,2024-02-08 00:00:00,337.12,Beauty,17,18.43
cb4589fb,Middle East,2024-03-05 00:00:00,569.62,Furniture,6,7.77
40338d68,Middle East,2024-07-25 00:00:00,931.17,Beauty,20,15.62
a00885b3,APAC,2024-05-13 00:00:00,400.87,Furniture,16,14.14
a20c0553,North America,2024-04-11 00:00:00,896.71,Beauty,15,18.41
85742ad2,North America,2024-02-07 00:00:00,455.09,Beauty,14,18.99
9f8e228f,APAC,2024-10-28 00:00:00,773.84,Beauty,19,4.91
c0f723df,APAC,2024-01-11 00:00:00,175.98,Clothing,9,10.86
b2762f1a,APAC,2024-01-21 00:00:00,813.91,Beauty,19,14.87
c2bd59e3,APAC,2024-03-16 00:00:00,884.44,Beauty,4,1.41
db8f2306,North America,2024-10-24 00:00:00,626.27,Electronics,11,13.16
a70c176a,APAC,2024-09-07 00:00:00,259.84,Electronics,11,25.66
8f077566,North America,2024-06-04 00:00:00,685.56,Beauty,15,6.36
926ce468,North America,2024-05-04 00:00:00,721.56,Electronics,19,9.65
d5f1e9c2,APAC,2024-04-22 00:00:00,914.26,Electronics,15,22.6
ab6e80d2,Middle East,2024-08-14 00:00:00,584.56,Furniture,4,22.29
5ca81674,APAC,2024-07-10 00:00:00,868.39,Furniture,2,29.86
995725fd,APAC,2024-06-06 00:00:00,337.66,Clothing,7,25.01
137e3d2c,Middle East,2024-08-01 00:00:00,280.16,Clothing,9,16.61
bb36b94d,North America,2024-07-20 00:00:00,859.71,Electronics,16,4.83
cf7d1826,APAC,2024-09-17 00:00:00,674.94,Clothing,17,17.51
1648f7ae,APAC,2024-02-18 00:00:00,89.61,Electronics,16,18.22
445e7a61,North America,2024-05-16 00:00:00,109.46,Electronics,18,6.53
c2112e8e,Middle East,2024-09-01 00:00:00,530.04,Beauty,6,14.9
f57585a6,North America,2024-03-22 00:00:00,61.88,Furniture,18,0.32
d3990522,APAC,2024-08-19 00:00:00,398.42,Furniture,7,25.92
0e3a2b60,APAC,2024-08-20 00:00:00,552.63,Furniture,2,26.63
d029d93a,Middle East,2024-09-22 00:00:00,409.48,Electronics,7,21.96
05002ded,Middle East,2024-04-23 00:00:00,710.28,Beauty,4,23.33
96862139,Middle East,2024-08-19 00:00:00,644.34,Clothing,15,2.53
479070b8,Middle East,2024-08-09 00:00:00,904.66,Beauty,14,24.1
4b762168,APAC,2024-07-20 00:00:00,555.11,Electronics,6,10.82
b68f8507,Europe,2024-02-16 00:00:00,253.74,Beauty,14,23.56
6d086605,Europe,2024-09-28 00:00:00,945.05,Clothing,20,16.33
eb0c7053,Europe,2024-07-04 00:00:00,484.1,Beauty,12,26.6
ef6484e7,Europe,2024-01-26 00:00:00,912.34,Clothing,17,7.55
f1490408,North America,2024-04-10 00:00:00,773.29,Furniture,2,5.42
0302fb0d,Middle East,2024-03-10 00:00:00,932.07,Clothing,19,15.81
370574c9,APAC,2024-09-14 00:00:00,879.07,Furniture,20,24.59
5bca10da,North America,2024-01-20 00:00:00,846.56,Beauty,4,17.98
5a7d91fd,Europe,2024-01-16 00:00:00,294.41,Electronics,2,16.5
cc4c8c61,APAC,2024-03-25 00:00:00,539.1,Furniture,15,9.57
740d927f,APAC,2024-08-15 00:00:00,588.67,Electronics,14,27.12
697d2c1a,APAC,2024-03-03 00:00:00,530.26,Furniture,8,16.92
ef24f979,APAC,2024-01-26 00:00:00,798.78,Clothing,16,27.7
bbf8bc1b,Europe,2024-07-23 00:00:00,568.3,Clothing,17,22.3
e04ed4da,North America,2024-01-07 00:00:00,556.96,Electronics,7,3.11
8baa239a,Middle East,2024-08-10 00:00:00,322.45,Electronics,17,4.79
32dfd55d,Europe,2024-01-15 00:00:00,854.79,Furniture,2,6.48
3ba37a69,APAC,2024-06-30 00:00:00,559.83,Beauty,1,1.4
e4b8c14a,North America,2024-07-06 00:00:00,986.79,Beauty,10,20.53
4486b158,Europe,2024-07-02 00:00:00,411.65,Clothing,9,22.23
d970a2c3,Middle East,2024-06-02 00:00:00,197.55,Beauty,7,21.32
dd9d8c99,Europe,2024-09-20 00:00:00,841.65,Clothing,8,17.7
6c9e9cfb,APAC,2024-08-29 00:00:00,187.28,Beauty,2,0.19
a7b0213c,APAC,2024-07-18 00:00:00,347.16,Electronics,1,16.37
49071677,Middle East,2024-01-07 00:00:00,73.06,Electronics,18,1.7
6b2ea4ca,APAC,2024-06-23 00:00:00,431.81,Electronics,11,8.11
1de91645,North America,2024-09-27 00:00:00,623.13,Furniture,20,8.66
25c2e478,Europe,2024-02-17 00:00:00,969.35,Beauty,13,19.07
bfbc3f1a,Europe,2024-08-03 00:00:00,207.84,Electronics,18,17.92
cb1c7151,Europe,2024-03-04 00:00:00,874.56,Furniture,14,12.94
75c1bdf1,APAC,2024-04-10 00:00:00,802.5,Electronics,12,6.11
11a9973d,North America,2024-08-18 00:00:00,892.07,Clothing,20,18.65
2dce89e5,Europe,2024-06-14 00:00:00,490.02,Electronics,18,1.59
9aee50bf,North America,2024-05-11 00:00:00,102.64,Furniture,10,14.01
decaef12,APAC,2024-04-06 00:00:00,357.23,Clothing,13,8.77
45f27c55,Europe,2024-03-14 00:00:00,737.01,Beauty,4,25.03
20f7199f,Middle East,2024-04-07 00:00:00,398.16,Beauty,10,28.61
8be64c84,Europe,2024-06-23 00:00:00,481.91,Electronics,20,3.68
6a521fe9,Europe,2024-05-30 00:00:00,530.22,Furniture,3,21.79
6e802ed1,Middle East,2024-10-10 00:00:00,690.22,Clothing,10,4.02
d4d5fd75,Middle East,2024-02-08 00:00:00,193.78,Clothing,15,27.28
e815b53e,North America,2024-03-09 00:00:00,373.08,Beauty,17,8.3
d1272bc6,Middle East,2024-01-03 00:00:00,873.43,Clothing,10,7.55
6cbc204f,Middle East,2024-03-19 00:00:00,810.79,Furniture,12,29.36
5c22be03,APAC,2024-07-29 00:00:00,494.14,Beauty,20,15.8
b87d3098,North America,2024-01-07 00:00:00,967.35,Electronics,17,25.12
a9eec650,North America,2024-03-27 00:00:00,786.55,Furniture,11,27.09
100bf15c,APAC,2024-03-14 00:00:00,915.68,Beauty,17,1.33
99344ebc,North America,2024-03-01 00:00:00,678.38,Furniture,8,8.87
d79c620e,APAC,2024-07-05 00:00:00,291.17,Electronics,13,13.35
3e8f40a3,Middle East,2024-04-25 00:00:00,506.08,Clothing,9,11.93
8dd4ee14,Middle East,2024-07-24 00:00:00,791.42,Electronics,16,26.85
14c052c9,Europe,2024-04-25 00:00:00,769.96,Electronics,6,2.64
c638afe2,APAC,2024-07-30 00:00:00,691.72,Clothing,16,18.62
aa0d8a40,Middle East,2024-08-27 00:00:00,916.17,Beauty,7,28.06
ac5c4453,North America,2024-09-24 00:00:00,530.91,Furniture,5,9.86
4a513e68,North America,2024-09-08 00:00:00,656.41,Clothing,3,8.9
b9d5b6c7,APAC,2024-07-07 00:00:00,659.68,Furniture,13,8.84
119294e7,APAC,2024-04-04 00:00:00,295.82,Electronics,12,7.23
0da32eb9,Europe,2024-06-25 00:00:00,546.41,Furniture,14,8.53
6ed9f46e,Europe,2024-03-25 00:00:00,231.16,Beauty,20,23.1
bc052294,APAC,2024-08-28 00:00:00,433.1,Clothing,14,27.07
623f870b,APAC,2024-04-10 00:00:00,481.87,Clothing,8,14.38
c7716612,Middle East,2024-07-12 00:00:00,228.14,Electronics,18,13.18
c51393f4,Middle East,2024-10-13 00:00:00,110.94,Beauty,9,3.45
39c7d057,APAC,2024-04-26 00:00:00,574.27,Beauty,15,6.97
fe2dff72,Middle East,2024-01-12 00:00:00,797.06,Clothing,18,24.51
e92723ba,APAC,2024-01-08 00:00:00,209.37,Furniture,17,27.73
7d7a99ef,APAC,2024-08-20 00:00:00,464.82,Beauty,11,25.42
3a42b3ff,North America,2024-04-11 00:00:00,308.91,Clothing,16,5.45
450daf0e,Middle East,2024-01-23 00:00:00,149.87,Clothing,16,25.76
6e4d0d57,Middle East,2024-06-24 00:00:00,698.81,Electronics,14,3.92
2c5c4008,North America,2024-08-23 00:00:00,368.26,Beauty,13,27.66
1b3f81cc,North America,2024-07-31 00:00:00,891.1,Clothing,15,29.87
7e503b1a,APAC,2024-08-07 00:00:00,935.78,Furniture,4,22.34
1857026e,Europe,2024-05-16 00:00:00,520.96,Furniture,9,15.71
f23d19b2,North America,2024-01-13 00:00:00,226.31,Electronics,17,10.2
b040664c,Middle East,2024-08-09 00:00:00,182.82,Clothing,20,24.34
68799050,Middle East,2024-01-05 00:00:00,455.54,Beauty,10,23.74
6fd61167,North America,2024-04-25 00:00:00,373.91,Clothing,2,29.37
01debfa7,Europe,2024-10-09 00:00:00,308.29,Beauty,11,11.35
e4ea76fb,APAC,2024-08-06 00:00:00,173.99,Electronics,7,27.61
c576ee93,APAC,2024-02-28 00:00:00,287.01,Electronics,10,9.86
8b5c7edb,North America,2024-05-09 00:00:00,782.56,Clothing,19,28.84
dec2e3cb,APAC,2024-10-10 00:00:00,503.26,Beauty,20,25.62
36f549f9,Europe,2024-01-27 00:00:00,566.01,Clothing,12,21.49
67b2a7a4,Europe,2024-10-05 00:00:00,85.1,Furniture,2,16.88
160f7800,Europe,2024-06-26 00:00:00,190.39,Clothing,11,21.84
2cb4e402,Middle East,2024-05-06 00:00:00,303.56,Furniture,9,1.79
a04af0ab,Middle East,2024-02-03 00:00:00,760.28,Furniture,3,0.75
319fd757,APAC,2024-10-27 00:00:00,779.38,Clothing,9,20.13
cf774d86,APAC,2024-04-11 00:00:00,483.91,Clothing,20,9.3
d0c23951,APAC,2024-08-08 00:00:00,356.77,Beauty,15,22.21
2e2483e0,North America,2024-06-20 00:00:00,561.99,Beauty,3,28.64
094c4ff8,Europe,2024-08-01 00:00:00,763.61,Furniture,4,3.78
39661740,Europe,2024-01-16 00:00:00,648.91,Clothing,19,17.91
9f0bad9b,North America,2024-10-01 00:00:00,362.2,Electronics,7,16.87
f6d534d2,Europe,2024-04-12 00:00:00,351.17,Clothing,4,0.77
2b6aee0b,Europe,2024-08-06 00:00:00,548.08,Beauty,10,5.29
c9df4386,North America,2024-09-02 00:00:00,517.11,Furniture,9,24.85
7baf56fc,APAC,2024-02-03 00:00:00,292.71,Clothing,10,9.81
7e625f85,APAC,2024-02-22 00:00:00,986.63,Clothing,18,13.6
2a738c15,Europe,2024-08-21 00:00:00,892.15,Beauty,17,15.2
12bd98ad,Middle East,2024-02-12 00:00:00,510.81,Beauty,19,14.19
52eedc24,APAC,2024-08-30 00:00:00,75.27,Furniture,9,29.47
28d0592b,APAC,2024-08-17 00:00:00,460.5,Clothing,12,4.06
edc5c404,North America,2024-02-26 00:00:00,444.7,Clothing,19,3.23
7f3a1eec,APAC,2024-07-25 00:00:00,54.58,Electronics,3,27.66
7b382ada,Europe,2024-08-08 00:00:00,798.74,Furniture,6,26.93
b668b71e,Europe,2024-05-23 00:00:00,656.94,Electronics,12,15.95
1cf6ea77,Middle East,2024-06-15 00:00:00,889.59,Electronics,18,15.32
1ac3e858,Middle East,2024-10-14 00:00:00,222.6,Clothing,9,13.73
2438a040,APAC,2024-06-01 00:00:00,311.77,Furniture,2,29.45
f6f943da,Europe,2024-03-18 00:00:00,456.97,Electronics,18,26.26
4418bda0,APAC,2024-02-12 00:00:00,147.09,Furniture,16,5.16
3823cbba,North America,2024-01-17 00:00:00,254.98,Electronics,13,12.8
175b6e22,Middle East,2024-01-02 00:00:00,314.93,Beauty,16,14.75
8ef4c575,APAC,2024-10-16 00:00:00,821.36,Beauty,15,7.92
8469d8d9,North America,2024-05-17 00:00:00,418.42,Furniture,3,23.94
14e495a7,Middle East,2024-04-25 00:00:00,742.19,Furniture,6,29.44
fcddb1ab,North America,2024-02-12 00:00:00,492.16,Electronics,3,22.71
9c26e624,Europe,2024-02-03 00:00:00,853.64,Beauty,7,21.77
3bf1c03b,APAC,2024-01-10 00:00:00,71.71,Clothing,11,14.76
f86adf81,North America,2024-03-10 00:00:00,972.1,Clothing,6,25.54
a6770cee,Europe,2024-05-23 00:00:00,259.99,Furniture,7,20.81
a64e0617,Europe,2024-05-03 00:00:00,177.66,Electronics,7,11.22
31f908ac,APAC,2024-07-27 00:00:00,178.62,Beauty,7,20.37
e0527e71,Middle East,2024-01-11 00:00:00,503.24,Clothing,20,18.06
43bf51e9,Middle East,2024-05-29 00:00:00,100.9,Furniture,1,22.31
5458feac,Europe,2024-05-22 00:00:00,273.49,Electronics,12,22.31
1144d177,APAC,2024-10-23 00:00:00,932.2,Electronics,4,20.11
8abec30c,Middle East,2024-08-09 00:00:00,297.96,Furniture,4,11.72
a60e8224,Middle East,2024-09-04 00:00:00,844.45,Beauty,19,0.98
e5b65523,North America,2024-10-17 00:00:00,572.1,Electronics,6,22.77
3d150f0b,Middle East,2024-02-13 00:00:00,144.8,Furniture,10,13.38
07f19743,Middle East,2024-01-24 00:00:00,52.27,Clothing,6,17.62
3944b86e,North America,2024-02-26 00:00:00,899.8,Electronics,1,9.41
d9282e63,North America,2024-01-05 00:00:00,656.71,Beauty,20,0.06
255104f2,Middle East,2024-01-29 00:00:00,928.6,Electronics,19,22.1
c04331a7,APAC,2024-01-09 00:00:00,389.34,Furniture,16,27.28
ee3ff084,North America,2024-03-22 00:00:00,114.51,Furniture,14,5.57
57869370,APAC,2024-02-14 00:00:00,625.31,Furniture,7,18.91
914ef0ef,Middle East,2024-01-13 00:00:00,751.61,Beauty,6,22.41
42bcc5a8,Middle East,2024-10-05 00:00:00,357.8,Clothing,11,29.95
c7dbd0d3,APAC,2024-03-17 00:00:00,509.54,Beauty,3,22.02
5646679b,Europe,2024-08-20 00:00:00,468.09,Beauty,14,16.31
00d7ff31,Middle East,2024-04-01 00:00:00,344.02,Furniture,2,27.66
11c698af,Europe,2024-06-08 00:00:00,732.28,Beauty,4,16.83
c981225b,Europe,2024-05-02 00:00:00,398.43,Electronics,5,25.09
6d469e7b,APAC,2024-03-31 00:00:00,75.72,Beauty,12,10.38
e3cd8d1b,Europe,2024-02-24 00:00:00,113.43,Furniture,4,3.35
6fcfdb68,Europe,2024-07-09 00:00:00,760.35,Clothing,20,8.35
43a9d76c,APAC,2024-09-20 00:00:00,904.01,Clothing,18,16.22
9c54715b,APAC,2024-06-11 00:00:00,116.17,Furniture,10,4.51
ae87986f,North America,2024-04-22 00:00:00,843.79,Furniture,12,1.98
40618149,North America,2024-03-09 00:00:00,163.52,Furniture,5,24.65
7d94a864,APAC,2024-02-11 00:00:00,610.21,Beauty,12,20.23
8d1a2e78,APAC,2024-08-08 00:00:00,626.24,Electronics,8,17.63
fb803eee,Europe,2024-09-09 00:00:00,919.05,Electronics,5,26.04
a35fdd42,North America,2024-05-05 00:00:00,538.35,Clothing,10,12.12
2847771c,APAC,2024-07-29 00:00:00,475.77,Clothing,6,23.88
ec45372d,APAC,2024-02-09 00:00:00,637.57,Clothing,13,4.11
b8d3489a,North America,2024-07-13 00:00:00,877.23,Furniture,13,25.23
330757b1,Middle East,2024-08-08 00:00:00,285.02,Electronics,8,28.42
8c5c2993,APAC,2024-04-10 00:00:00,983.2,Clothing,9,18
ec1a62bf,Middle East,2024-06-28 00:00:00,483.73,Clothing,9,28.68
ef7699a3,Europe,2024-04-07 00:00:00,87.69,Clothing,3,22.04
48e1ba41,North America,2024-06-20 00:00:00,280.18,Furniture,16,22.37
3aa57c05,Middle East,2024-06-29 00:00:00,980.39,Furniture,4,8.19
0d52e1e5,APAC,2024-06-11 00:00:00,571.69,Clothing,20,22.62
d5e18554,North America,2024-04-10 00:00:00,603.53,Beauty,1,2.08
5621cd23,Europe,2024-02-13 00:00:00,544.9,Electronics,8,0.88
892f713f,Europe,2024-09-24 00:00:00,662.77,Furniture,14,8.95
30643c3a,Europe,2024-01-20 00:00:00,304.03,Beauty,10,13.51
bb082704,APAC,2024-03-01 00:00:00,164.5,Clothing,16,25.44
c49f6973,APAC,2024-04-11 00:00:00,250.68,Beauty,19,21.41
4431262b,APAC,2024-08-22 00:00:00,933.31,Beauty,7,14.8
1acdbfb9,North America,2024-03-27 00:00:00,556.37,Electronics,7,25.37
82f01d8e,North America,2024-06-15 00:00:00,565.59,Electronics,8,5.17
bcfce994,APAC,2024-07-31 00:00:00,872.58,Furniture,1,3.13
3f86afc7,Middle East,2024-05-24 00:00:00,621.91,Furniture,8,13.16
70c15af6,North America,2024-10-29 00:00:00,356.43,Furniture,12,5.99
36348b0d,Europe,2024-09-08 00:00:00,406.18,Electronics,6,6.39
21c3518f,Middle East,2024-05-06 00:00:00,161.12,Beauty,8,14.22
60a7076f,North America,2024-07-04 00:00:00,438.43,Furniture,4,23.52
9f3e1b2d,Middle East,2024-02-29 00:00:00,485.89,Clothing,16,9.57
0b494b3b,APAC,2024-09-29 00:00:00,654.67,Electronics,12,0.63
4dc062a2,Europe,2024-08-23 00:00:00,570.09,Furniture,14,18.79
73cadcea,North America,2024-06-15 00:00:00,715.09,Beauty,7,18.81
591be279,North America,2024-10-06 00:00:00,519.86,Beauty,1,5.23
f5107596,Middle East,2024-03-13 00:00:00,741.18,Clothing,8,15.33
542316ae,North America,2024-08-06 00:00:00,546.01,Beauty,15,24.63
6055102d,Middle East,2024-01-25 00:00:00,835.03,Beauty,17,17.46
09036fd6,Middle East,2024-01-10 00:00:00,615.61,Clothing,1,28.82
e8bff941,APAC,2024-06-24 00:00:00,315.81,Clothing,2,3.35
d1415e3d,APAC,2024-09-22 00:00:00,516.24,Beauty,20,7.9
9b8854f5,Europe,2024-04-19 00:00:00,659.58,Furniture,8,6.58
97ef2236,Middle East,2024-01-04 00:00:00,893.1,Clothing,11,14.04
e4f22976,North America,2024-08-09 00:00:00,907.28,Clothing,17,0.49
5d19e5db,Middle East,2024-08-02 00:00:00,583.61,Furniture,18,6.11
73917df9,APAC,2024-09-11 00:00:00,258.41,Beauty,3,18.6
ae435aa6,North America,2024-10-23 00:00:00,212.1,Furniture,9,28.03
ef3ff2ec,North America,2024-07-23 00:00:00,108.11,Clothing,9,29.8
324a9d94,Middle East,2024-08-28 00:00:00,810.43,Clothing,10,0.65
8c82159a,Middle East,2024-10-12 00:00:00,678.02,Furniture,5,23.37
00a54aab,Europe,2024-03-10 00:00:00,489.18,Electronics,17,2.19
de2afb76,Europe,2024-09-15 00:00:00,992.71,Beauty,11,25.11
601d9c3a,Middle East,2024-08-01 00:00:00,951.29,Furniture,6,9.88
2f36532b,North America,2024-02-11 00:00:00,634.86,Clothing,4,29.64
84fa8ba6,Middle East,2024-09-28 00:00:00,494.9,Furniture,19,6.34
a9081605,Europe,2024-08-31 00:00:00,136.41,Beauty,5,23.38
f17d185e,Europe,2024-02-25 00:00:00,164.27,Clothing,7,21.7
6f66d813,Middle East,2024-10-14 00:00:00,783.54,Beauty,18,21.65
d63733a6,North America,2024-05-02 00:00:00,830.11,Clothing,5,1.45
213063a9,Middle East,2024-02-04 00:00:00,458.37,Clothing,10,10.03
48d16122,Middle East,2024-01-31 00:00:00,823.19,Clothing,20,29.64
0246c884,North America,2024-01-23 00:00:00,485.34,Furniture,15,24.49
c933cfab,Europe,2024-07-27 00:00:00,748.14,Beauty,9,24.1
3eff3bfb,APAC,2024-02-09 00:00:00,387.47,Clothing,10,14.51
ec431e74,Europe,2024-10-26 00:00:00,705.73,Beauty,5,9.41
67705481,Middle East,2024-04-19 00:00:00,510.67,Furniture,12,16.77
6ff07754,APAC,2024-06-04 00:00:00,550.4,Electronics,13,0.16
743f8eee,Europe,2024-10-18 00:00:00,383.85,Clothing,2,18.31
96d82121,North America,2024-05-10 00:00:00,57.01,Beauty,5,9.28
232d7ec2,Middle East,2024-03-31 00:00:00,909.12,Beauty,8,24.2
2ade0d63,North America,2024-10-06 00:00:00,529,Furniture,17,24.61
52df024d,Europe,2024-10-06 00:00:00,205.94,Furniture,19,5.96
817ae28f,Middle East,2024-01-02 00:00:00,426.41,Furniture,6,28.29
850a8b8b,Europe,2024-07-05 00:00:00,138.95,Electronics,15,1.91
ea6c02eb,North America,2024-04-20 00:00:00,256.83,Clothing,3,23.29
5f4800c7,North America,2024-03-26 00:00:00,754.86,Electronics,13,16.04
6a14b9f3,Europe,2024-06-18 00:00:00,708.18,Electronics,10,9.13
da46ad81,North America,2024-03-18 00:00:00,190.3,Electronics,10,16.89
1fb71ebd,Middle East,2024-10-17 00:00:00,162.31,Clothing,15,1.33
40635c89,Middle East,2024-01-01 00:00:00,528.25,Electronics,14,23.1
2a2a6ed8,Middle East,2024-05-15 00:00:00,790.74,Electronics,19,17.66
898b8a5a,North America,2024-01-24 00:00:00,174.52,Beauty,10,11.89
433f8077,Europe,2024-03-03 00:00:00,315.71,Beauty,8,3.12
f9db5acd,Europe,2024-03-04 00:00:00,910.96,Beauty,12,10.81
0c5cbdfc,Middle East,2024-09-17 00:00:00,159.62,Furniture,20,27.48
dec94ddd,Middle East,2024-01-21 00:00:00,491.81,Beauty,3,19.42
9cba87c1,Middle East,2024-04-28 00:00:00,661.06,Beauty,1,26.08
bde270b4,Middle East,2024-02-22 00:00:00,888.75,Furniture,14,24.62
cd278326,Europe,2024-08-28 00:00:00,320.51,Furniture,14,18.4
e57d19f1,North America,2024-04-06 00:00:00,516.23,Clothing,12,17.6
196d558a,North America,2024-03-04 00:00:00,504.41,Beauty,1,6.3
c131b83b,Europe,2024-03-20 00:00:00,432.67,Beauty,3,23.8
da291222,North America,2024-06-25 00:00:00,964.22,Clothing,15,2.22
462b61cc,Middle East,2024-04-02 00:00:00,439.33,Furniture,19,14.96
797264c8,Europe,2024-07-31 00:00:00,304.5,Furniture,5,21.99
4d71cdbd,Europe,2024-02-25 00:00:00,258.29,Furniture,18,27.18
3c558454,APAC,2024-10-19 00:00:00,427.27,Clothing,19,24.93
857d11fe,APAC,2024-07-18 00:00:00,641.82,Clothing,17,22.99
dcca152f,Europe,2024-06-01 00:00:00,365.76,Beauty,14,16.87
cf43e42e,Middle East,2024-02-05 00:00:00,897.92,Electronics,20,7.12
2216ef70,APAC,2024-07-14 00:00:00,567.99,Beauty,4,23.23
4acca3e0,Europe,2024-05-01 00:00:00,619.95,Electronics,12,28.02
42b56975,APAC,2024-07-23 00:00:00,403.82,Beauty,13,10.34
ee56a401,APAC,2024-07-16 00:00:00,978.17,Clothing,17,26.79
d052fd22,APAC,2024-03-29 00:00:00,953.71,Furniture,20,22.59
7c652f10,North America,2024-03-01 00:00:00,545.85,Clothing,8,17.14
837bdacd,Middle East,2024-10-24 00:00:00,839.55,Clothing,20,5.66
de3ff845,Middle East,2024-05-10 00:00:00,104.1,Clothing,1,4.96
e66ea0db,North America,2024-04-10 00:00:00,165.71,Beauty,17,11.19
5d499de2,Middle East,2024-03-17 00:00:00,888.94,Furniture,11,24.96
d30fd4cf,APAC,2024-07-12 00:00:00,813.95,Beauty,2,7.56
5973fc1e,North America,2024-02-07 00:00:00,231.56,Beauty,16,11.1
1942167a,APAC,2024-03-09 00:00:00,664.69,Beauty,4,14.31
5ceff2b3,North America,2024-01-26 00:00:00,919.9,Electronics,16,0.68
99a8bf29,North America,2024-06-04 00:00:00,778.07,Electronics,4,26.38
08803ad7,North America,2024-02-03 00:00:00,937.08,Electronics,4,17.3
f8cdc790,Europe,2024-07-04 00:00:00,290.77,Furniture,20,0.72
5af9fa14,North America,2024-02-16 00:00:00,998.55,Furniture,20,0.15
6794944f,North America,2024-08-15 00:00:00,560.58,Furniture,10,12.14
1041a98d,North America,2024-01-07 00:00:00,224.89,Electronics,20,17.41
7661ff86,Middle East,2024-10-25 00:00:00,321.72,Beauty,19,9.05
23725b45,Middle East,2024-02-16 00:00:00,174.32,Beauty,1,6.41
2b28e106,North America,2024-05-10 00:00:00,629.51,Furniture,20,3
56f8132d,Middle East,2024-08-19 00:00:00,327.77,Furniture,14,26.19
48e85adb,Middle East,2024-10-14 00:00:00,244.82,Electronics,12,0.54
58b568b1,Middle East,2024-09-26 00:00:00,281.4,Electronics,7,16.6
ba889c3d,North America,2024-05-24 00:00:00,625.61,Furniture,11,0.07
cd8fd35f,Middle East,2024-05-18 00:00:00,978.16,Beauty,7,29.53
19629118,North America,2024-04-12 00:00:00,656.09,Clothing,18,2.35
652937d5,North America,2024-07-07 00:00:00,286.5,Electronics,10,14.4
b1dd0c15,Middle East,2024-10-27 00:00:00,672.49,Electronics,20,14.11
492c0a52,Europe,2024-01-22 00:00:00,816.21,Electronics,15,29.25
6f89864c,APAC,2024-05-18 00:00:00,361.03,Electronics,8,1.6
6f0c2bbb,Europe,2024-10-13 00:00:00,439.66,Beauty,1,20.52
d50b490c,Middle East,2024-03-08 00:00:00,606.13,Beauty,3,16.94
f9a300db,North America,2024-03-20 00:00:00,141.58,Clothing,8,20.61
b92bb48f,Europe,2024-04-27 00:00:00,744.27,Electronics,13,3.25
09479020,North America,2024-08-25 00:00:00,165.88,Beauty,16,1.97
0134f4e7,Middle East,2024-04-26 00:00:00,735.64,Clothing,19,26.83
3504e538,North America,2024-01-25 00:00:00,684,Beauty,1,2.73
767e8047,Middle East,2024-01-24 00:00:00,581.48,Electronics,6,14.08
c6ecacd3,APAC,2024-10-12 00:00:00,296.36,Electronics,8,14.37
7584b6c1,Middle East,2024-04-27 00:00:00,567.77,Beauty,20,14.97
69d565b8,Middle East,2024-03-06 00:00:00,850.16,Furniture,13,13.77
61ab3988,APAC,2024-05-28 00:00:00,549.22,Electronics,12,11.51
b95003db,Europe,2024-02-28 00:00:00,291.81,Clothing,20,10.52
17351523,APAC,2024-06-17 00:00:00,289.63,Electronics,3,26.04
e566657e,North America,2024-08-30 00:00:00,804.59,Electronics,12,8.13
ffba613c,Europe,2024-10-03 00:00:00,894.86,Furniture,18,17.55
d6990533,APAC,2024-10-18 00:00:00,436.53,Electronics,19,26.11
afdaa4b8,Europe,2024-09-10 00:00:00,650.51,Furniture,6,26.25
d86752c8,APAC,2024-07-29 00:00:00,169.19,Clothing,3,6.89
d4bdbcc6,APAC,2024-10-15 00:00:00,206.96,Clothing,1,14.06
3fca05bf,Middle East,2024-07-12 00:00:00,246.95,Electronics,11,15.86
2108ccdd,Middle East,2024-05-22 00:00:00,649.68,Beauty,12,19.53
88734d29,North America,2024-07-31 00:00:00,938.78,Beauty,18,21
846031b7,North America,2024-10-13 00:00:00,433.25,Clothing,9,4.7
86682c0f,Europe,2024-04-17 00:00:00,822.93,Beauty,8,17.77
81b05626,APAC,2024-09-10 00:00:00,156.81,Clothing,17,5.35
e069b4e0,Europe,2024-10-25 00:00:00,119.59,Clothing,4,6.47
fff3dfe2,North America,2024-06-04 00:00:00,632.39,Furniture,1,14.71
4ab337dd,Middle East,2024-08-16 00:00:00,88.04,Clothing,8,11.67
796879d0,Europe,2024-03-31 00:00:00,631.87,Clothing,20,29.51
df85158d,Middle East,2024-08-04 00:00:00,520.05,Furniture,8,25.44
e6d1e6b1,Europe,2024-07-17 00:00:00,382.32,Electronics,6,16.2
376cca3a,Middle East,2024-06-10 00:00:00,555.61,Clothing,13,28.42
412474ab,Europe,2024-05-13 00:00:00,234.94,Electronics,5,1.59
5a8b5821,APAC,2024-06-10 00:00:00,500.24,Clothing,8,13.54
cad72fc1,North America,2024-07-08 00:00:00,158.81,Clothing,4,7.92
53a3fd74,Middle East,2024-10-26 00:00:00,793.11,Clothing,11,26.23
4c2c771b,Europe,2024-01-19 00:00:00,518.18,Electronics,16,16
714ff3fe,Middle East,2024-08-30 00:00:00,320.41,Electronics,14,0.65
9cbc3a85,APAC,2024-06-26 00:00:00,415.78,Furniture,20,6.11
ebd65add,Middle East,2024-09-11 00:00:00,836.9,Electronics,3,5.49
79c81107,APAC,2024-04-20 00:00:00,256.04,Furniture,17,21.14
6ea63c3f,APAC,2024-09-09 00:00:00,887.34,Electronics,14,10.16
9390f534,North America,2024-09-13 00:00:00,236.22,Electronics,9,13.46
6b31339f,APAC,2024-03-26 00:00:00,346.46,Clothing,20,7.28
570208b8,Europe,2024-04-24 00:00:00,690.35,Beauty,2,27.79
f9cc9603,APAC,2024-02-02 00:00:00,210.27,Clothing,13,28.87
ad46b073,Europe,2024-05-06 00:00:00,949.1,Electronics,10,3.53
84759b58,North America,2024-08-07 00:00:00,152.25,Clothing,9,4.05
784997a2,North America,2024-05-10 00:00:00,84.17,Electronics,19,0.75
6f0660fd,North America,2024-05-15 00:00:00,301.35,Electronics,12,11.93
9713c8e1,North America,2024-02-05 00:00:00,315.51,Clothing,5,28.63
971d4a96,Middle East,2024-01-30 00:00:00,415.88,Furniture,14,19.77
1a36753d,North America,2024-08-15 00:00:00,904.38,Electronics,2,23.32
a3ba2777,Europe,2024-03-04 00:00:00,573.11,Beauty,12,29.93
669c7b9a,Middle East,2024-01-14 00:00:00,507.94,Clothing,3,5.74
ed361244,APAC,2024-04-07 00:00:00,293.36,Clothing,5,5.46
9bfce1da,North America,2024-08-24 00:00:00,95.57,Furniture,8,12.61
3b423f83,Europe,2024-01-09 00:00:00,244.23,Electronics,2,3.09
d7a905aa,Europe,2024-07-16 00:00:00,74.98,Clothing,17,22.49
da959f7b,North America,2024-06-02 00:00:00,958.38,Beauty,16,0.52
2fe2c34c,APAC,2024-01-03 00:00:00,369.89,Clothing,1,17.11
bce400fa,Europe,2024-07-21 00:00:00,663.17,Beauty,13,11.35
b9cd623c,APAC,2024-06-03 00:00:00,349,Electronics,9,29.37
29ad9d33,North America,2024-08-03 00:00:00,131.93,Electronics,20,2.24
873b7553,Middle East,2024-03-22 00:00:00,743.05,Beauty,10,23.1
6aac6a0b,Europe,2024-02-23 00:00:00,887.26,Beauty,11,27.59
d3f24708,APAC,2024-06-07 00:00:00,185.46,Electronics,19,2.45
58d72149,Europe,2024-02-23 00:00:00,198.86,Electronics,5,4.11
1236bdb3,Europe,2024-10-22 00:00:00,178.68,Clothing,3,4.18
d3350a6e,Middle East,2024-02-28 00:00:00,136.21,Electronics,17,27.25
9aadc28a,North America,2024-01-01 00:00:00,743.23,Electronics,1,12.11
11d63264,Europe,2024-04-27 00:00:00,231.55,Clothing,5,26.01
2c514ce8,Middle East,2024-01-29 00:00:00,211.22,Clothing,13,18.26
e5787e94,Middle East,2024-05-25 00:00:00,774.32,Beauty,6,1.54
795dbcb0,North America,2024-10-15 00:00:00,891.08,Beauty,17,14.53
6aea42bf,Middle East,2024-04-17 00:00:00,804.17,Beauty,13,16.38
75993b77,Europe,2024-08-12 00:00:00,123.98,Beauty,8,8.29
e9b0c1dd,Europe,2024-06-26 00:00:00,957.61,Clothing,3,7.42
77de0c24,Europe,2024-04-04 00:00:00,920.52,Clothing,11,13.45
020dd68c,Europe,2024-05-24 00:00:00,885.11,Clothing,6,3.38
69d6fa0a,North America,2024-08-15 00:00:00,236.45,Electronics,8,1.88
f855f1a8,Europe,2024-03-09 00:00:00,311.9,Electronics,8,11.63
c02ee7e4,Europe,2024-09-22 00:00:00,778.58,Electronics,5,5.38
61c52cfe,North America,2024-04-05 00:00:00,917.84,Furniture,2,28.63
8d6e3f53,North America,2024-01-21 00:00:00,756.57,Furniture,11,18.39
3bfdae08,APAC,2024-08-24 00:00:00,275.08,Furniture,1,10.35
9c431d16,APAC,2024-08-01 00:00:00,433.98,Electronics,3,5.78
3ca5112d,Middle East,2024-09-07 00:00:00,728.87,Clothing,9,6.26
523d113e,Europe,2024-03-28 00:00:00,814.64,Beauty,14,6.24
1cefd9cd,Europe,2024-09-30 00:00:00,452.24,Beauty,9,12.27
b46ec8cb,North America,2024-08-26 00:00:00,224.01,Beauty,11,23.48
159a077a,Europe,2024-07-18 00:00:00,963.76,Clothing,19,25.47
de71fbc1,North America,2024-07-31 00:00:00,932.75,Furniture,8,0
f96ed101,APAC,2024-07-03 00:00:00,782.71,Clothing,3,24.17
fa8ad5b1,Europe,2024-03-03 00:00:00,236.13,Furniture,6,1.07
e454fd89,North America,2024-02-18 00:00:00,605.47,Electronics,2,23.35
3a13ae4c,North America,2024-01-18 00:00:00,500.14,Clothing,12,9.26
f3fe02fe,Middle East,2024-02-18 00:00:00,884.22,Clothing,6,10.76
ff12d565,Europe,2024-05-21 00:00:00,727.62,Beauty,3,12.22
4f89d775,North America,2024-05-04 00:00:00,578.21,Electronics,11,4.93
0c9660e3,North America,2024-05-01 00:00:00,909.09,Furniture,19,28.87
a2e0c896,Middle East,2024-04-14 00:00:00,68.92,Clothing,10,9.89
7f1710c1,Middle East,2024-02-19 00:00:00,419.29,Electronics,17,21.11
a09f89c9,APAC,2024-08-25 00:00:00,412.79,Electronics,10,8.12
40f44157,APAC,2024-08-15 00:00:00,933.24,Electronics,13,15.28
3c95c2fa,Europe,2024-07-12 00:00:00,702.45,Electronics,20,15.31
55fd0958,Middle East,2024-04-22 00:00:00,193.39,Beauty,10,17.88
8917ce5d,North America,2024-07-17 00:00:00,984.63,Furniture,8,16.27
b0439901,Europe,2024-09-04 00:00:00,431.63,Furniture,3,13.53
1be4d084,APAC,2024-10-10 00:00:00,76.14,Clothing,20,18.82
a1c92f80,North America,2024-09-18 00:00:00,482.48,Clothing,10,27.1
cedf0fc8,Europe,2024-07-01 00:00:00,242.19,Electronics,17,26.95
ef53f022,APAC,2024-03-02 00:00:00,279.22,Beauty,18,20.19
1baaee29,Middle East,2024-05-26 00:00:00,683.85,Furniture,4,26.63
9232e602,North America,2024-10-21 00:00:00,208.64,Beauty,9,11.27
fe49f02a,Europe,2024-08-15 00:00:00,581.5,Clothing,16,7.46
40406475,APAC,2024-10-16 00:00:00,88.12,Beauty,14,29.67
6ca548c9,Middle East,2024-05-12 00:00:00,674.14,Clothing,6,13.78
bbf8d530,Europe,2024-10-10 00:00:00,592.28,Electronics,20,15.6
a026ec0c,Middle East,2024-07-26 00:00:00,220.27,Furniture,2,27.62
17b63a90,Europe,2024-04-18 00:00:00,130.7,Beauty,12,9.76
a8efd9bb,North America,2024-04-20 00:00:00,924.87,Beauty,15,0.42
6653883b,Europe,2024-02-16 00:00:00,302.43,Clothing,6,9.43
aa6fa9ba,Middle East,2024-02-11 00:00:00,313.19,Electronics,5,3.66
a8595f60,Europe,2024-09-05 00:00:00,570.27,Clothing,17,3.92
2a1d75b5,APAC,2024-09-04 00:00:00,157.27,Clothing,17,13.86
5cdcf92d,APAC,2024-10-01 00:00:00,203.62,Clothing,3,18.54
5f896e25,Middle East,2024-02-26 00:00:00,457.87,Clothing,6,19.05
999c7d5e,APAC,2024-06-11 00:00:00,494.25,Furniture,10,7.79
bd75bf98,North America,2024-03-28 00:00:00,886.74,Furniture,11,18.22
956a1b19,North America,2024-07-14 00:00:00,565.06,Beauty,10,16.43
2adb0133,APAC,2024-09-24 00:00:00,797.82,Clothing,1,19.03
902f2d9b,APAC,2024-07-29 00:00:00,890.54,Furniture,3,2.66
a252d005,APAC,2024-05-07 00:00:00,982.84,Electronics,15,14.25
abf1ca13,North America,2024-03-08 00:00:00,598.16,Electronics,4,28.84
d47cc47f,Europe,2024-02-22 00:00:00,978.75,Electronics,19,23.33
2c9aed55,Middle East,2024-07-30 00:00:00,866.4,Electronics,18,29.06
9f97ba20,North America,2024-01-04 00:00:00,844.36,Beauty,7,6.82
fff14bbd,North America,2024-05-31 00:00:00,640.21,Furniture,18,2.06
3f129b9c,Europe,2024-10-12 00:00:00,406.36,Furniture,16,21.6
721e7246,North America,2024-02-21 00:00:00,55.51,Electronics,13,9.46
12afa264,Middle East,2024-02-26 00:00:00,637.09,Furniture,4,2.85
da5694c0,North America,2024-01-08 00:00:00,450.68,Furniture,7,25.75
90c5059f,Middle East,2024-03-13 00:00:00,151.03,Beauty,15,27.88
f444803c,Middle East,2024-07-19 00:00:00,632.92,Clothing,13,12.78
cde1bdd0,Europe,2024-02-04 00:00:00,598.61,Beauty,6,11.25
e061e89d,APAC,2024-10-04 00:00:00,705.06,Clothing,14,7.85
ee47a065,North America,2024-01-04 00:00:00,197.91,Beauty,2,29.17
9d3235cf,Europe,2024-06-11 00:00:00,437.01,Electronics,16,4.17
8352391b,Middle East,2024-08-12 00:00:00,586.93,Electronics,13,26.37
28f45494,North America,2024-08-03 00:00:00,781.66,Beauty,3,5.6
9a6a2dd0,APAC,2024-08-16 00:00:00,190.94,Clothing,20,2.54
15e518f5,Europe,2024-02-21 00:00:00,956.83,Beauty,1,13.25
9fed20bd,Middle East,2024-08-10 00:00:00,448.09,Beauty,15,24.55
9c85c38b,North America,2024-06-19 00:00:00,862.74,Furniture,7,18.02
c05d7cc6,Middle East,2024-03-25 00:00:00,237.6,Furniture,17,5.73
2e3e7742,North America,2024-09-12 00:00:00,208.09,Furniture,20,11.44
a06c42f4,APAC,2024-09-07 00:00:00,480.13,Electronics,10,2.84
fc1ba332,APAC,2024-10-08 00:00:00,198.4,Beauty,1,7.27
55989424,Europe,2024-04-17 00:00:00,626.76,Beauty,7,4.98
b81029c3,APAC,2024-02-12 00:00:00,177.23,Clothing,13,29
11d2a415,APAC,2024-05-14 00:00:00,476.98,Electronics,14,25.32
ac78319e,Europe,2024-10-05 00:00:00,480.97,Beauty,4,23.41
c62fd822,Middle East,2024-02-29 00:00:00,625.02,Beauty,20,12.72
c1ed7e82,North America,2024-07-16 00:00:00,821.15,Clothing,7,0.26
3dbb9880,APAC,2024-07-14 00:00:00,604.15,Clothing,20,24.36
c1567136,Europe,2024-08-18 00:00:00,260.84,Electronics,14,0.05
f4d4e958,Europe,2024-10-07 00:00:00,427,Electronics,1,16.86
e6304481,North America,2024-04-14 00:00:00,247.62,Electronics,17,10.21
dd9e35c2,North America,2024-10-11 00:00:00,530.47,Furniture,17,1.82
3f7a4979,Europe,2024-03-10 00:00:00,684.56,Beauty,2,26.04
05bc2af6,Europe,2024-02-10 00:00:00,741.65,Beauty,4,23.79
230ea368,Middle East,2024-10-02 00:00:00,724.42,Electronics,12,1.91
d3ab6c52,North America,2024-04-01 00:00:00,613.95,Electronics,4,17.75
75ccdfd0,North America,2024-07-20 00:00:00,235.55,Electronics,8,23.09
f06926c9,Europe,2024-05-13 00:00:00,482.3,Beauty,13,9.24
412de6da,APAC,2024-08-22 00:00:00,520.04,Furniture,19,18.62
a54034c1,Europe,2024-07-13 00:00:00,447.09,Electronics,2,23.53
30cb91fd,Europe,2024-03-02 00:00:00,538.75,Electronics,11,19.22
85ac41e4,Europe,2024-08-25 00:00:00,704.95,Clothing,7,28.08
58f9b4f1,North America,2024-05-10 00:00:00,963.18,Electronics,6,29.44
5d1c3403,Middle East,2024-07-17 00:00:00,672.55,Furniture,12,0.99
be122c8d,APAC,2024-07-15 00:00:00,958.2,Beauty,13,15.13
82bac32d,Middle East,2024-09-24 00:00:00,752.4,Electronics,5,24.6
b437d1ab,Middle East,2024-01-24 00:00:00,816.61,Clothing,15,24.58
57f19ce8,Europe,2024-10-12 00:00:00,451.06,Electronics,3,1.55
42485d95,Middle East,2024-06-17 00:00:00,321.59,Clothing,16,24.33
a8a281a0,North America,2024-09-30 00:00:00,939.67,Furniture,15,22.06
77e52037,APAC,2024-01-24 00:00:00,428.59,Beauty,5,28.59
163cf5d0,Middle East,2024-04-17 00:00:00,456.2,Beauty,11,10.6
9a72cc7a,North America,2024-02-23 00:00:00,762.33,Clothing,9,1.92
60d4ced1,North America,2024-10-23 00:00:00,558.27,Clothing,17,21.33
4cfda523,North America,2024-10-12 00:00:00,661.22,Beauty,16,9.77
a8e137e4,Europe,2024-03-16 00:00:00,788.32,Clothing,4,15.98
93d9520c,North America,2024-10-11 00:00:00,841.24,Beauty,4,6.57
9cb6addb,APAC,2024-05-18 00:00:00,926.51,Furniture,15,13.67
4f5d23d8,Middle East,2024-05-31 00:00:00,768.35,Electronics,11,0.32
984901ba,APAC,2024-09-14 00:00:00,848.72,Furniture,13,8.34
5e082c01,Middle East,2024-03-06 00:00:00,307.86,Furniture,5,20.88
f8feb0e5,Middle East,2024-07-14 00:00:00,194.21,Beauty,20,24.83
3233d743,Europe,2024-10-14 00:00:00,69.83,Clothing,8,17.84
b7721885,APAC,2024-07-29 00:00:00,56.03,Electronics,6,24.3
1942af8c,Middle East,2024-09-03 00:00:00,802.97,Beauty,8,10.75
126d7f20,North America,2024-10-27 00:00:00,470.55,Furniture,12,4.42
52b890f4,Middle East,2024-07-06 00:00:00,815.02,Furniture,4,20.54
750e2768,APAC,2024-07-01 00:00:00,815.32,Beauty,13,23.93
01c4f485,Middle East,2024-10-06 00:00:00,98.55,Furniture,15,16.66
f6cbbcad,Middle East,2024-03-04 00:00:00,594.13,Furniture,17,12.58
d1bdc87e,Middle East,2024-01-24 00:00:00,670,Furniture,6,24.45
dafc6596,North America,2024-08-19 00:00:00,696.41,Clothing,2,4.31
93c2e975,APAC,2024-07-31 00:00:00,962.31,Electronics,12,27.57
b8913770,Middle East,2024-10-22 00:00:00,119.84,Furniture,3,4.97
cd5a40ed,North America,2024-05-04 00:00:00,272.03,Clothing,14,7.3
dbe679ad,APAC,2024-06-07 00:00:00,794.02,Beauty,13,11.15
3c75f3a3,Europe,2024-02-08 00:00:00,373.34,Electronics,11,20.4
152f9609,Middle East,2024-03-17 00:00:00,471.26,Clothing,14,15.68
c482a806,APAC,2024-10-07 00:00:00,236.03,Furniture,3,10.31
ee8beb5d,Europe,2024-04-11 00:00:00,432.59,Furniture,20,26.61
5de0e69b,Europe,2024-06-18 00:00:00,447.08,Clothing,18,8.59
a8a6c68a,North America,2024-08-13 00:00:00,988.58,Clothing,5,21.83
3698ce8a,North America,2024-07-08 00:00:00,771.13,Beauty,14,4.08
39c64da0,North America,2024-04-20 00:00:00,800.79,Furniture,2,11.5
71582c12,North America,2024-01-07 00:00:00,321.19,Electronics,3,29.83
dab09c4f,Middle East,2024-06-03 00:00:00,67.84,Electronics,14,27.75
e736b3d4,APAC,2024-01-10 00:00:00,419.03,Furniture,2,17.41
af4c16b5,Europe,2024-10-29 00:00:00,800.29,Clothing,20,8.26
c04284ab,Middle East,2024-10-09 00:00:00,245.2,Clothing,11,22.7
8112d25f,North America,2024-10-05 00:00:00,738.46,Electronics,6,16.07
0c2148e1,Middle East,2024-02-09 00:00:00,143.76,Electronics,16,17
6ce5b1dd,APAC,2024-03-09 00:00:00,705.25,Electronics,16,25.43
da5955c1,Europe,2024-07-10 00:00:00,339.75,Clothing,20,24.41
44b75a0a,APAC,2024-07-05 00:00:00,866.7,Electronics,17,20.38
3444408b,APAC,2024-05-01 00:00:00,554.44,Clothing,6,29.24
7cb04571,North America,2024-02-07 00:00:00,433.54,Electronics,19,2.73
d339611b,Europe,2024-04-24 00:00:00,635.24,Clothing,2,16.27
8bb7bc44,Europe,2024-09-28 00:00:00,602.83,Electronics,8,21.57
cce7c657,APAC,2024-04-06 00:00:00,678.62,Furniture,19,1.43
a78fe751,North America,2024-08-09 00:00:00,651.67,Furniture,19,7.86
124a8b1f,APAC,2024-04-23 00:00:00,515.84,Furniture,18,12.33
5d994453,Europe,2024-08-03 00:00:00,929.86,Electronics,15,11.36
b29a7f0e,Europe,2024-08-29 00:00:00,993.65,Beauty,20,3.45
d50182e6,North America,2024-09-14 00:00:00,194.75,Clothing,14,24.35
9afd6767,Middle East,2024-10-20 00:00:00,557.49,Furniture,14,14.49
90d43090,Europe,2024-08-16 00:00:00,419.83,Electronics,6,20.74
f5a952e4,Europe,2024-09-23 00:00:00,165.05,Furniture,3,24.76
001cbae8,North America,2024-10-06 00:00:00,467.01,Electronics,14,14.05
97b6e563,Europe,2024-01-15 00:00:00,437.51,Beauty,16,11.16
465d6431,Middle East,2024-08-07 00:00:00,785.33,Beauty,8,26.57
4e6202d4,North America,2024-10-07 00:00:00,149.86,Furniture,15,24.18
3b09b258,APAC,2024-09-29 00:00:00,137.1,Electronics,14,24.37
9a092e11,Europe,2024-08-11 00:00:00,491.15,Clothing,8,5.51
21b55b3b,APAC,2024-08-13 00:00:00,221.75,Electronics,20,25.76
ff2cd62b,Europe,2024-03-17 00:00:00,520.05,Beauty,5,21.99
8b055dfa,North America,2024-01-07 00:00:00,590.13,Furniture,13,2.08
50c900aa,APAC,2024-06-24 00:00:00,205.4,Beauty,16,16.38
620e016b,APAC,2024-06-15 00:00:00,710.48,Clothing,12,1.38
5127fc60,Europe,2024-10-08 00:00:00,911.9,Furniture,2,4.66
4e8b388d,APAC,2024-05-20 00:00:00,503.9,Electronics,9,2.36
b135f235,Middle East,2024-05-27 00:00:00,147.38,Clothing,17,13.21
d43f2a72,Middle East,2024-06-07 00:00:00,766.31,Furniture,4,21.27
c406a71b,Europe,2024-06-16 00:00:00,93.19,Furniture,19,21.4
d344a0ee,Europe,2024-09-14 00:00:00,719.84,Beauty,7,7.12
220cb635,Middle East,2024-09-14 00:00:00,492.34,Beauty,7,1.5
7bdec8f7,North America,2024-02-28 00:00:00,328.42,Furniture,9,4.58
13bf58d1,Middle East,2024-08-12 00:00:00,679.43,Electronics,7,26.91
33fb7bfe,Europe,2024-10-26 00:00:00,948.93,Furniture,13,4.79
7051fde5,Middle East,2024-02-09 00:00:00,226.08,Furniture,13,16.52
8c7ff977,Europe,2024-02-06 00:00:00,707.84,Furniture,16,4.38
0423d185,Europe,2024-05-29 00:00:00,99.74,Furniture,9,26.98
949e43a2,Middle East,2024-09-22 00:00:00,141.03,Furniture,1,23.98
c41d9d09,Europe,2024-08-10 00:00:00,158.1,Clothing,13,20.32
e98bd968,Middle East,2024-07-01 00:00:00,774.93,Electronics,6,11.98
56a894bc,Middle East,2024-10-29 00:00:00,679.1,Furniture,10,6.33
81d08c9d,North America,2024-05-02 00:00:00,286.97,Furniture,2,10.69
defdc94c,Europe,2024-01-31 00:00:00,825.38,Clothing,13,9.39
ed3915f1,Europe,2024-10-04 00:00:00,150.12,Furniture,20,10.35
10251d6e,Middle East,2024-03-13 00:00:00,685.05,Beauty,13,17.56
1a849b69,North America,2024-04-25 00:00:00,899.4,Electronics,8,28.21
2d632f15,North America,2024-06-15 00:00:00,797.95,Furniture,20,2.79
856f4dee,North America,2024-04-02 00:00:00,608.8,Beauty,20,3.56
bcdde0be,Europe,2024-09-07 00:00:00,928.35,Beauty,10,2.57
99457504,Europe,2024-02-19 00:00:00,857.46,Beauty,8,9.01
47783367,Middle East,2024-07-05 00:00:00,755.94,Beauty,7,7.92
cc1a6abd,North America,2024-02-19 00:00:00,559.68,Clothing,2,21.86
665239fc,North America,2024-07-19 00:00:00,275.46,Electronics,18,18.26
b84ac16b,North America,2024-02-17 00:00:00,381.17,Furniture,4,23.3
c32a855b,Middle East,2024-05-20 00:00:00,223.5,Furniture,20,2.54
b2fcfda9,APAC,2024-05-09 00:00:00,93.38,Clothing,11,29.72
79fc55fd,APAC,2024-06-21 00:00:00,896.2,Clothing,20,7.61
b17a48a6,APAC,2024-09-28 00:00:00,536.72,Electronics,3,15.49
f2e84526,Middle East,2024-08-20 00:00:00,71.56,Electronics,19,10.9
8240002f,North America,2024-04-27 00:00:00,460.42,Clothing,16,3.58
c9dec595,North America,2024-10-30 00:00:00,242.23,Furniture,4,12.5
7bdf66b3,Middle East,2024-04-08 00:00:00,59.16,Electronics,8,0.75
0c306dc1,APAC,2024-09-08 00:00:00,902.77,Furniture,5,25.23
766f3612,Middle East,2024-03-19 00:00:00,584.65,Electronics,19,23.32
58c6a9fa,North America,2024-07-17 00:00:00,902.03,Clothing,4,21.22
465fd4a4,Europe,2024-10-18 00:00:00,818.31,Beauty,8,18.66
459c8054,Middle East,2024-06-22 00:00:00,125.49,Furniture,17,24.47
6f8c6809,Middle East,2024-08-28 00:00:00,301.54,Electronics,16,3.34
88b2c7be,North America,2024-05-29 00:00:00,778.29,Clothing,8,15.28
3d0b5f75,APAC,2024-09-19 00:00:00,383.43,Furniture,15,22.11
77431390,APAC,2024-05-24 00:00:00,378.84,Furniture,20,18.08
c2ee53f5,Middle East,2024-04-21 00:00:00,619.53,Electronics,1,22.67
c0f8a7c0,Middle East,2024-09-03 00:00:00,191.56,Clothing,7,6.91
f4da2f99,North America,2024-05-29 00:00:00,792.92,Electronics,13,24.69
2962e878,Middle East,2024-03-03 00:00:00,977.88,Electronics,6,26.8
aabc3f49,Middle East,2024-01-03 00:00:00,437.77,Beauty,18,19.25
0a1565d1,Middle East,2024-04-21 00:00:00,209.62,Beauty,2,18.85
8e102d8a,North America,2024-09-22 00:00:00,139.9,Clothing,13,19.22
7de62c64,North America,2024-02-28 00:00:00,415.26,Furniture,11,7.82
907394cf,Europe,2024-03-19 00:00:00,602.11,Electronics,10,21.47
ff875d60,Middle East,2024-09-02 00:00:00,487.68,Beauty,11,6.51
9e208703,Middle East,2024-08-06 00:00:00,357.17,Electronics,1,20.42
9da5995d,APAC,2024-04-29 00:00:00,615.9,Beauty,5,25.88
5bd9ce0b,Europe,2024-01-27 00:00:00,714.79,Furniture,8,13.94
47967e5e,APAC,2024-02-06 00:00:00,397.79,Clothing,20,17.2
880b3ab8,Europe,2024-04-20 00:00:00,901.04,Clothing,15,12.35
83796be8,Middle East,2024-05-07 00:00:00,840.81,Electronics,1,27.23
40de32bd,APAC,2024-07-26 00:00:00,965.53,Clothing,15,5.79
dca6a280,Middle East,2024-04-15 00:00:00,190.64,Electronics,2,7.69
dc302d48,North America,2024-06-25 00:00:00,746.25,Electronics,20,22.82
faa7b4ef,Europe,2024-04-13 00:00:00,259.84,Clothing,5,16.5
e96933d3,Middle East,2024-01-04 00:00:00,716.36,Clothing,8,14.12
fa89b1c6,Europe,2024-03-20 00:00:00,123.48,Beauty,7,26.06
0f0620ef,Middle East,2024-07-18 00:00:00,275.02,Beauty,9,20.3
83a047e7,APAC,2024-07-10 00:00:00,392.72,Beauty,1,6.6
e0908683,Europe,2024-01-20 00:00:00,764.86,Furniture,2,11.27
089966af,Middle East,2024-05-05 00:00:00,302.25,Clothing,7,21.88
3c8fc212,North America,2024-09-17 00:00:00,731.26,Beauty,2,6.47
d59a9b77,Europe,2024-05-28 00:00:00,958.5,Electronics,1,23.2
0b35c0de,APAC,2024-02-13 00:00:00,825.27,Furniture,6,13.21
568679c2,Europe,2024-07-04 00:00:00,587.01,Furniture,16,16.3
96005220,North America,2024-02-01 00:00:00,830.23,Clothing,20,16.76
fbf9994c,APAC,2024-06-08 00:00:00,473.04,Beauty,3,12.75
9c971c17,Middle East,2024-10-18 00:00:00,235.75,Electronics,4,27.59
7fdec8ea,Europe,2024-08-28 00:00:00,657.98,Beauty,13,0.55
5217a380,North America,2024-09-11 00:00:00,783.81,Beauty,14,17.8
421da8f4,Europe,2024-09-15 00:00:00,716.75,Electronics,7,7.41
30824d80,APAC,2024-05-07 00:00:00,852.88,Beauty,13,4.54
22093013,North America,2024-07-05 00:00:00,636.07,Furniture,19,22.37
b6c09633,APAC,2024-10-06 00:00:00,973.5,Furniture,6,27.65
b8261937,North America,2024-09-14 00:00:00,926.97,Beauty,1,21.03
dfaf4eb0,North America,2024-08-04 00:00:00,276.58,Clothing,15,2.38
e9768fcc,North America,2024-06-15 00:00:00,602.19,Furniture,7,9.96
1617ae3c,Middle East,2024-10-18 00:00:00,540.88,Electronics,4,17.44
2c573baf,APAC,2024-09-23 00:00:00,841.16,Furniture,1,18.75
c6728df3,APAC,2024-03-12 00:00:00,441.71,Beauty,10,3.2
